{
  "colors": [
    {
      "idiom": "universal",
      "appearances": [
        {
          "appearance": "luminosity",
          "value": "light"
        }
      ],
      "color": {
        "color-space": "srgb",
        "components": {
          "red": "0.039",
          "green": "0.039",
          "blue": "0.039",
          "alpha": "1.000"
        }
      }
    },
    {
      "idiom": "universal",
      "appearances": [
        {
          "appearance": "luminosity",
          "value": "dark"
        }
      ],
      "color": {
        "color-space": "srgb",
        "components": {
          "red": "1.000",
          "green": "1.000",
          "blue": "1.000",
          "alpha": "1.000"
        }
      }
    }
  ],
  "info": {
    "version": 1,
    "author": "xcode"
  }
}